"0","metaData$conc_unit
"
"1"," [1]"
"1"," ""µM"""
"1"," ""µM"""
"1"," ""µM"""
"1"," ""µM"""
"1"," ""µM"""
"1"," ""µM"""
"1"," ""µM"""
"1"," ""µM"""
"1"," ""µM"""
"1"," ""µM"""
"1"," ""µM"""
"1"," ""µM"""
"1"," ""µM"""
"1"," ""µM"""
"1"," ""µM"""
"1","
"
"1","[16]"
"1"," ""µM"""
"1"," ""µM"""
"1"," ""µM"""
"1"," ""µM"""
"1"," ""µM"""
"1"," ""µM"""
"1"," ""µM"""
"1"," ""µM"""
"1"," ""µM"""
"1"," ""µM"""
"1"," ""µM"""
"1"," ""µM"""
"1"," ""µM"""
"1"," ""µM"""
"1"," ""µM"""
"1","
"
"1","[31]"
"1"," ""µM"""
"1"," ""µM"""
"1"," ""µM"""
"1"," ""µM"""
"1"," ""µM"""
"1"," ""µM"""
"1"," ""µM"""
"1"," ""µM"""
"1"," ""µM"""
"1"," ""µM"""
"1"," ""µM"""
"1"," ""µM"""
"1"," NA  "
"1"," NA  "
"1"," NA  "
"1","
"
"1","[46]"
"1"," NA  "
"1"," NA  "
"1"," NA  "
"1"," NA  "
"1"," NA  "
"1"," NA  "
"1"," NA  "
"1"," NA  "
"1"," NA  "
"1"," NA  "
"1"," NA  "
"1"," NA  "
"1"," NA  "
"1"," NA  "
"1"," NA  "
"1","
"
"1","[61]"
"1"," NA  "
"1"," NA  "
"1"," NA  "
"1"," NA  "
"1"," NA  "
"1"," NA  "
"1","
"
